Workbook

Sheet Hareketler
A1: Stok Hareketleri: Ayçiçek Yağı 5 L
A2: Girdi sayfası. Mavi yazılı sarı hücreleri değiştirebilirsin, diğer sayfalar kendiliğinden yeniden hesaplanır.
A4: Tarih | B4: Belge No | C4: Hareket | D4: Miktar (adet) | E4: Alış birim fiyatı (₺) | F4: Satış birim fiyatı (₺) | G4: Alış tutarı (₺) | H4: Satış hasılatı (₺)
A5: 46327 | B5: ALS-001 | C5: Alış | D5: 100 | E5: 10 | G5: =IF(C5="Alış",D5*E5,0) | H5: =IF(C5="Satış",D5*F5,0)
A6: 46331 | B6: STS-001 | C6: Satış | D6: 80 | F6: 20 | G6: =IF(C6="Alış",D6*E6,0) | H6: =IF(C6="Satış",D6*F6,0)
A7: 46336 | B7: ALS-002 | C7: Alış | D7: 30 | E7: 15 | G7: =IF(C7="Alış",D7*E7,0) | H7: =IF(C7="Satış",D7*F7,0)
A8: 46341 | B8: ALS-003 | C8: Alış | D8: 50 | E8: 17 | G8: =IF(C8="Alış",D8*E8,0) | H8: =IF(C8="Satış",D8*F8,0)
A9: 46346 | B9: STS-002 | C9: Satış | D9: 90 | F9: 22 | G9: =IF(C9="Alış",D9*E9,0) | H9: =IF(C9="Satış",D9*F9,0)
A10: Toplam | G10: =SUM(G5:G9) | H10: =SUM(H5:H9)
A12: Renkler: mavi = girdi (değiştirilebilir), siyah = formül, yeşil = başka sayfadan gelen değer.
A13: Kurallar: Hareketler tarih sırasıyla girilir. Satış miktarı o tarihte eldeki stoğu aşmamalıdır (FIFO formülleri stok eksiye düşmeden çalışır).
A14: Yeni bir alış eklersen FIFO sayfasına bir lot satırı, yeni bir satış eklersen bir satış satırı ve sütunu eklemen gerekir.

Sheet Ortalama
A1: Hareketli Ağırlıklı Ortalama
A2: Her alıştan sonra birim maliyet yeniden hesaplanır: Birim maliyet = Eldeki tutar ÷ Eldeki adet. Satış birim maliyeti değiştirmez.
A4: Tarih | B4: Hareket | C4: Giriş adedi | D4: Giriş tutarı (₺) | E4: Çıkış adedi | F4: Çıkış birim maliyeti (₺) | G4: SMM (₺) | H4: Eldeki adet | I4: Eldeki tutar (₺) | J4: Birim maliyet (₺)
A5: Açılış | B5: Açılış stoku | C5: 0 | D5: 0 | E5: 0 | F5: 0 | G5: 0 | H5: 0 | I5: 0 | J5: 0
A6: =Hareketler!A5 | B6: =Hareketler!C5 | C6: =IF(B6="Alış",Hareketler!D5,0) | D6: =Hareketler!G5 | E6: =IF(B6="Satış",Hareketler!D5,0) | F6: =IF(E6>0,J5,0) | G6: =E6*F6 | H6: =H5+C6-E6 | I6: =I5+D6-G6 | J6: =IF(H6>0,I6/H6,J5)
A7: =Hareketler!A6 | B7: =Hareketler!C6 | C7: =IF(B7="Alış",Hareketler!D6,0) | D7: =Hareketler!G6 | E7: =IF(B7="Satış",Hareketler!D6,0) | F7: =IF(E7>0,J6,0) | G7: =E7*F7 | H7: =H6+C7-E7 | I7: =I6+D7-G7 | J7: =IF(H7>0,I7/H7,J6)
A8: =Hareketler!A7 | B8: =Hareketler!C7 | C8: =IF(B8="Alış",Hareketler!D7,0) | D8: =Hareketler!G7 | E8: =IF(B8="Satış",Hareketler!D7,0) | F8: =IF(E8>0,J7,0) | G8: =E8*F8 | H8: =H7+C8-E8 | I8: =I7+D8-G8 | J8: =IF(H8>0,I8/H8,J7)
A9: =Hareketler!A8 | B9: =Hareketler!C8 | C9: =IF(B9="Alış",Hareketler!D8,0) | D9: =Hareketler!G8 | E9: =IF(B9="Satış",Hareketler!D8,0) | F9: =IF(E9>0,J8,0) | G9: =E9*F9 | H9: =H8+C9-E9 | I9: =I8+D9-G9 | J9: =IF(H9>0,I9/H9,J8)
A10: =Hareketler!A9 | B10: =Hareketler!C9 | C10: =IF(B10="Alış",Hareketler!D9,0) | D10: =Hareketler!G9 | E10: =IF(B10="Satış",Hareketler!D9,0) | F10: =IF(E10>0,J9,0) | G10: =E10*F10 | H10: =H9+C10-E10 | I10: =I9+D10-G10 | J10: =IF(H10>0,I10/H10,J9)
A11: Toplam | C11: =SUM(C6:C10) | D11: =SUM(D6:D10) | E11: =SUM(E6:E10) | G11: =SUM(G6:G10)
A13: Okuma: 10.11'deki alıştan sonra eldeki 20 adet (200 ₺) ile yeni 30 adet (450 ₺) karışır: 650 ÷ 50 = 13 ₺. 15.11'de (650 + 850) ÷ 100 = 15 ₺ olur. 20.11 satışı bu 15 ₺'den çıkar.

Sheet FIFO
A1: FIFO: İlk Giren İlk Çıkar
A2: Her satış önce en eski lottan düşer. Tablo, her satışın hangi lottan kaç adet aldığını gösterir.
A4: Satış | B4: Tarih | C4: Adet | D4: Önceki satışlar toplamı | E4: Bu satış dahil toplam
A5: S1 | B5: =Hareketler!A6 | C5: =Hareketler!D6 | D5: 0 | E5: =D5+C5
A6: S2 | B6: =Hareketler!A9 | C6: =Hareketler!D9 | D6: =E5 | E6: =D6+C6
A8: Lot | B8: Tarih | C8: Alış adedi | D8: Birim fiyat (₺) | E8: Önceki lotlar toplamı | F8: S1'e verilen adet | G8: S2'ye verilen adet | H8: Kalan adet | I8: S1 maliyeti (₺) | J8: S2 maliyeti (₺) | K8: Kalan değer (₺)
A9: A1 | B9: =Hareketler!A5 | C9: =Hareketler!D5 | D9: =Hareketler!E5 | E9: 0 | F9: =MIN($C9,MAX(0,$E$5-$E9))-MIN($C9,MAX(0,$D$5-$E9)) | G9: =MIN($C9,MAX(0,$E$6-$E9))-MIN($C9,MAX(0,$D$6-$E9)) | H9: =C9-F9-G9 | I9: =F9*$D9 | J9: =G9*$D9 | K9: =H9*$D9
A10: A2 | B10: =Hareketler!A7 | C10: =Hareketler!D7 | D10: =Hareketler!E7 | E10: =E9+C9 | F10: =MIN($C10,MAX(0,$E$5-$E10))-MIN($C10,MAX(0,$D$5-$E10)) | G10: =MIN($C10,MAX(0,$E$6-$E10))-MIN($C10,MAX(0,$D$6-$E10)) | H10: =C10-F10-G10 | I10: =F10*$D10 | J10: =G10*$D10 | K10: =H10*$D10
A11: A3 | B11: =Hareketler!A8 | C11: =Hareketler!D8 | D11: =Hareketler!E8 | E11: =E10+C10 | F11: =MIN($C11,MAX(0,$E$5-$E11))-MIN($C11,MAX(0,$D$5-$E11)) | G11: =MIN($C11,MAX(0,$E$6-$E11))-MIN($C11,MAX(0,$D$6-$E11)) | H11: =C11-F11-G11 | I11: =F11*$D11 | J11: =G11*$D11 | K11: =H11*$D11
A12: Toplam | C12: =SUM(C9:C11) | F12: =SUM(F9:F11) | G12: =SUM(G9:G11) | H12: =SUM(H9:H11) | I12: =SUM(I9:I11) | J12: =SUM(J9:J11) | K12: =SUM(K9:K11)
A14: Okuma: S1 (80 adet) tamamen A1'den çıkar (80 × 10 = 800 ₺). S2 (90 adet) önce A1'in kalan 20 adedini, sonra A2'nin 30 adedini, en son A3'ten 40 adet alır. Elde A3'ten 10 adet kalır.

Sheet Karşılaştırma
A1: FIFO ve Ağırlıklı Ortalama Yan Yana
A2: Aynı hareketler, iki farklı maliyet yöntemi.
A4: Kalem | B4: FIFO | C4: Ağırlıklı ortalama | D4: Fark (FIFO − Ortalama)
A5: S1 SMM (05.11) | B5: =FIFO!I12 | C5: =Ortalama!G7 | D5: =B5-C5
A6: S2 SMM (20.11) | B6: =FIFO!J12 | C6: =Ortalama!G10 | D6: =B6-C6
A7: Toplam SMM | B7: =B5+B6 | C7: =C5+C6 | D7: =B7-C7
A8: Kalan stok adedi | B8: =FIFO!H12 | C8: =Ortalama!H10 | D8: =B8-C8
A9: Kalan stok değeri | B9: =FIFO!K12 | C9: =Ortalama!I10 | D9: =B9-C9
A10: Satış hasılatı | B10: =Hareketler!H10 | C10: =Hareketler!H10 | D10: =B10-C10
A11: Brüt kâr (hasılat − SMM) | B11: =B10-B7 | C11: =C10-C7 | D11: =B11-C11
A13: Toplam alış tutarı | B13: =Hareketler!G10 | C13: =Hareketler!G10
A14: Sağlama: alış = SMM + kalan | B14: =IF(ABS(B13-B7-B9)<0.01,"Tutuyor","HATA") | C14: =IF(ABS(C13-C7-C9)<0.01,"Tutuyor","HATA")
A16: Neden farklı? Fiyatlar 10 ₺'den 17 ₺'ye yükseldi. FIFO satışlarda önce eski ve ucuz lotları kullanır, elde en yeni ve pahalı lot kalır. Bu yüzden FIFO'da SMM daha düşük, kalan stok değeri ve brüt kâr daha yüksektir. Ortalama yöntemi eski ve yeni fiyatları karıştırdığı için SMM'yi yükseltir. İki yöntemde de toplam alış aynıdır, değişen yalnızca bu tutarın SMM ile kalan stok arasında nasıl bölündüğüdür.
